 {
        "sliderImgs":["/p01/p01_101.jpg","/p01/p01_102.jpg","/p01/p01_103.jpg","/p01/p01_104.jpg","/p01/p01_105.jpg","/p01/p01_106.jpg","/p01/p01_107.jpg","/p01/p01_108.jpg","/p01/p01_109.jpg"],
        "descriptions":["黄河与美食，构成兰州这座典型西北城市","塔尔寺让灵魂沉醉于信仰的思考","千里牧场终年雪山，这里是天境祁连","夕阳的余晖掠过大地为丹霞又加了一笔色彩","醉卧沙场君莫笑，古来征战几人还","屹立沙丘之上遥望怀抱中那湾泉水","城市里没有的璀璨银河与漫天繁星","青海湖--陆心之海","再见了小伙伴，再见了大西北"],
        "introduction":{
        "mdtext":"## 为什么去这里 ##  \n遥远，塞外，辽阔，苍茫，沙漠，边疆，游牧民族，丝绸之路    \n  是汉武大帝，卫青霍去病；是昭君出塞，张骞班超；是青海有中国最美的湖，是延续千年丝绸之路  \n  \n大西北，充满了神秘与魅力。祁连山，月牙泉，敦煌，青海湖，嘉峪关这些课本里的词，像遥远的呼唤，像吸引的磁铁，拨动了心弦。追随玄奘脚步，沿着汉唐足迹，揭开西域面纱，发现难以置信的美，体会舌尖狂野味道。来到祖国三分之一辽阔土地，放纵起来，豪迈起来，当一回地道西北汉子，甩开膀子，大口喝酒大口吃肉，在高山之上对着峡谷呐喊，看祁连草原连绵无边无际的绿色，远眺云雾之中终年皑皑的雪山。  \n  \n## 为什么跟我们去 ##   \n【模式干净】  \n传统旅游总在购物点奔波，假期白白浪费，还要时刻提防上当受骗。鱼龙混杂，忽略价格也难找到安心靠谱的旅行社。  \n对此我们痛心不已，决心为年轻人提供一种高品质、好口碑旅行。拒绝购物，没有欺骗，团费一次全包含，认认真真做好服务者。  \n旅行纯粹，信任简单，物有所值，所以玩过小伙伴才有口皆碑。模式干干净净，才能让你放心花钱。    \n  \n【更多伙伴，更大圈子】  \n上班只有同事，老友各奔前程，少有机会接触圈外人...还怎么认识新鲜小伙伴？答案是...参加海逍遥旅行！  \n想象一下，金融妹子、IT极客、投资美女、新媒体小鲜肉、清北学霸，大家一起睁大眼睛等流星，光着脚丫爬沙山，甩开膀子喝酒吃肉，会是怎样体验？  \n没有夕阳红熊孩子，每次20位年轻活力小伙伴，突破工作圈子，结识有趣的TA！  \n  \n*世界上没有什么友谊是一次旅行凝结不了的。如果有，就两次。               ——海逍遥*  \n  \n【用心，才能放心】  \n住宿，同价位最好，没有之一。好评不到90%？PASS！没有特色？PASS！平均30家酒店只有两家成为候选。  \n兰州集合，机票超便宜，火车贼多；格林豪泰，火车站下车直达，再不用满世界乱跑；早餐，用美味叫你起床；夜市小吃，摸清底细等你满载而归；  \n当地体验，进高原牧场，住回民院子，尝手工酸奶，跟老村长学青海湖话；停车点，二十多个美景一处不错过。  \n  \n【久违了，新鲜与活力】  \n为了拯救重复单调的生活，我们刻意加快节奏。切换的风景，在路上的感觉，相见恨晚小伙伴，新鲜感和活力像氧气进入你的身体。  \n每天都是崭新的，每一刻都在探索未知，都有不同体验。自然、人文的多次冲击，带来的巨大震撼，把城市那个低头忙碌自己赶走，让你彻底闯入另一种人生。  \n身体回到拥挤的地铁，周围一切熟悉却毫不真实，仿佛整整隔了一辈子，心灵沉醉在旅途的震撼中，久久不肯归来。",
        "spotlights":["年轻活力小团队，跟有趣小伙伴一起玩","八个夜晚五场夜市，吃货们满载而归","走进祁连独家河畔牧场，入住雪山脚下人家","3000海拔无边无际大草原和那碧蓝的天","张掖敦煌嘉峪关，追一场两年的梦","绝佳拍摄点，茶卡星空银河日出看个够"]
         },
        "days": [{
            "title": "Day1 (集合日) 兰州",
            "imgs": ["/p01/p01_201.jpg"],
            "descriptions":["AAAAAAAAA"],
            "spots": ["兰州","中山桥","黄河母亲"],
            "mdtext": "今天是集合日，没有活动安排，全天都是集合时间！  \n到达后直接入住酒店，格林豪泰（兰州站向东200米路北），早来赶紧出去逛逛，不要错过兰州美景~  \n  \n中川机场-兰州站直达城际，12306购票末班22：30。市内交通拥堵留够时间。正宁街，木塔巷、大众巷，张掖步行街都是寻找美食的好地方。  \n   \n黄河风景区看滚滚东去的母亲河，霸气耸立的中山铁桥。坐一次快艇，划一会真正的羊皮筏子，随着黄河水一路顺流而下，感觉棒棒哒！  \n  \n 晚上召开【见面会】，认识我们可爱领队和同行小伙伴。",
            "hotel": "住宿：格林豪泰（兰州站向东200米路北）标准间"
        }, {
            "title": "Day2 兰州-塔尔寺-贵德-西宁",
            "imgs": ["/p01/p01_202.jpg", "/p01/p01_203.jpg"],
            "descriptions":["AAAAAAAAA","BBBBBBBB"],
            "spots": ["塔尔寺","贵德黄河","夏城西宁"],
            "mdtext": "早上出发，领队会带小伙伴们熟悉起来，欢声笑语中奔向【塔尔寺】。这里是宗喀巴大师诞生地，黄教六大寺院之一，感受藏传佛教的神秘和传奇。之后前往【贵德】，一路山峦草甸丹霞，海拔上升，慢慢适应高原反应。“天下黄河贵德清”，昨日兰州滚滚而去，今天她的清澈一定让你倍感惊奇。  \n  \n傍晚回到【西宁】，这座被称为夏都的城市不但有东关大寺灿烂的灯光，更有数不清的好吃的！奔向莫家街、大十字，德禄酸奶、甜醅、马忠食府、益鑫羊肉手抓、面片，西宁羊肉毫无膻味，酸奶更是浓厚深邃冲击味蕾，口水都要流出来了！  ",
            "star":"亮点：塔尔寺藏传佛教",
            "food": "含餐：兰州早餐",
            "distance": "距离：400公里 约5小时",
            "hotel": "住宿：派酒店/景尚假日 标准间"
        }, {
             "title": "Day3 西宁-祁连-卓尔山",
            "imgs": ["/p01/p01_204.jpg", "/p01/p01_205.jpg"],
            "descriptions":["CCCCCCCCC","DDDDDDDDDDDD"],
            "spots": ["高原牧场","祁连山脉","祁连大草原","卓尔山","雪山脚下人家"],
            "mdtext": "跨越祁连山脉，牦牛，羊群，空旷的柏油路上我们一路向前。翻过【黑泉水库】，眼前是一片草丰水美，牛马撒欢的河滩牧场。这可是我们“独家”发现的绝美牧场，走进草甸野花，踏过流水浅滩，零距离接触牛群牧马。  \n  \n然后一路翻山越岭，在3000海拔的祁连山中穿梭，俯瞰山脚广袤土地平原。下午来到【祁连大草原】，山峦叠嶂中竟然隐藏着如此平坦开阔草场。那延绵壮美一定让你惊讶的合不拢嘴。傍晚深入天境祁连【卓尔山】，360度俯瞰整个山谷，遥望终年积雪牛心山，脚下蜿蜒祁连县城。  \n  \n当晚入住祁连山脚回族人家，一整面玻璃落地窗，看着雪山吃一顿地道回族大餐。夜幕来临，世界都清静了，抬头是银河漫天繁星，低头是皑皑祁连。风景绝美被誉为隐藏最好的香格里拉。",
           "star":"亮点：独家牧场 祁连大草原 卓尔山 ",
           "food": "含餐：西宁早餐 回族晚餐",
            "distance": "距离：280公里 约5小时",
            "hotel": "住宿：祁连山下回族人家 标准间"
        }, {
            "title": "Day4 祁连山-七彩丹霞-张掖",
            "imgs":["/p01/p01_206.jpg","/p01/p01_207.jpg"],
            "descriptions":["EEEEEEEEEEEE","FFFFFFFFFFFFFF"],
            "spots": ["峨堡岭垭口","七彩丹霞","甘州市场"],
            "mdtext": "今天继续穿越祁连山深处的草原，这里没有过往的游客，没有城市的喧嚣，天地间剩下的只有宁静和宽容。然后我们将跨越海拔3685米的【峨堡岭垭口】，作短暂的停留，像藏民一样在垭口挥洒龙达为来世祈福。慢慢行走，在这里感受无边无际的高山草原的美丽。  \n  \n下午抵达张掖的【七彩丹霞】，深入这片神奇的地貌，在日光的映衬下，多变的色彩像是打翻了调色盘，红的如火，黄得似金，灰的如钢。各处造型奇特的山地丘陵色彩斑斓、气势磅礴。在这里呆上一整个下午，看夕阳在五彩的丹霞山脉间缓缓流淌。张掖【甘州市场】热闹非凡，卷子鸡、搓鱼儿、炒炮痛痛快快来顿大餐。",
            "star":"亮点：七彩丹霞",
            "food":"含餐：祁连早餐",
            "distance": "距离：280公里 约4小时",
            "hotel": "住宿： 吉吉/商汇/徽商 标准间"
            
        },{
            "title": "Day5 张掖-嘉峪关-瓜州",
            "imgs":["/p01/p01_208.jpg","/p01/p01_209.jpg"],
            "descriptions":["GGGGGGGG","HHHHHHHHHHHH"],
            "spots": ["嘉峪关","悬壁长城","烤肉飘香","瓜州夜市"],
            "mdtext": "早晨从张掖出发，沿着河西走廊一路往西，到达咽喉重镇【嘉峪关】。嘉峪关市与酒泉市连成一片，不仅有浓厚历史深度更是新兴工业城市，素有“钢城”美誉。规划整齐道路宽阔，其中【铁镜市场】可是当地人的最爱，眼镜烤肉，炒饼，卷边鸡，烤羊皮，杏皮水，快来大快朵颐。  \n  \n巍峨的祁连雪山之下，是古老的【嘉峪关关城】，其连同山脊之上的【悬壁长城】，共同构筑了明长城西端的第一重关，也是明长城全线中保存最完好的一个。“严关百尺界天西，万里征人驻马蹄。”登上城楼远眺长城似游龙浮动于浩瀚戈壁滩，白雪覆盖的祁连山脉在天边绵延。出关到达【瓜州】，烤鱼串串香甜哈密瓜，夜市走你！",
            "star":"亮点：嘉峪关关城",
            "distance": "距离：500公里 约5小时",
            "hotel": "住宿：融金洲海/国风 标准间",
            "food":"含餐：张掖早餐"
        },{
            "title": "Day6 瓜州-莫高窟-鸣沙山",
            "imgs":["/p01/p01_210.jpg","/p01/p01_211.jpg"],
            "descriptions":["EEEEEEEEEEEE"],
            "spots": ["莫高窟","鸣沙山","月牙泉","沙洲夜市"],
            "mdtext": "一早前往丝绸之路上的艺术瑰宝【莫高窟】，精美壁画塑像讲述着时间的故事，历史如同卷轴般展开。洞窟内鬼斧神工的艺术瑰宝、墙面跳跃的色彩、饱满的人物形象、充满意境的寓意，会让每个人凝神惊叹。  \n  \n“锦缥细展墨花翻，河东二柳敦煌索。”【鸣沙山】又旅行的一个高潮。一汪形似月牙的泉水衬托着这个绿洲边缘的大沙丘。进入这浩瀚的沙漠，手脚并用爬到山顶，屹立沙丘之上远望日渐消退的那一弯孤月，观赏沙漠中的那一湾动人清泉。不用担心时间，酒店就在鸣沙山脚下。  \n  \n夕阳落下天色渐晚，如果你对莫高窟的艺术震撼意犹未尽，那么不妨再去看一场“敦煌盛典”演出；如果你想继续吃吃吃节奏，那就去热闹非凡【沙洲夜市】，驴肉黄面、骆驼掌，杏皮水做好准备迎接舌尖上的盛宴。",
            "star":"亮点：莫高窟 鸣沙山 月牙泉",
            "food":"含餐：瓜州早餐",
            "distance": "距离：120公里 约1.5小时",
            "hotel": "住宿：映月山庄 标准间"
        },{
            "title": "Day7 敦煌-柴达木盆地-茶卡盐湖",
            "imgs":["/p01/p01_212.jpg","/p01/p01_213.jpg"],
            "descriptions":["EEEEEEEEEEEE"],
            "spots": ["柴达木盆地","青藏铁路","茶卡盐湖","银河星空"],
            "mdtext": "早餐后，驱车穿行于【柴达木盆地】之上，惊见延绵无际的戈壁滩，苍鹰盘旋于头顶，这便是来自青藏高原的礼遇。一路荒无人烟，笔直的公里延伸到视线尽头，宽阔的柏油公路上只有我们向前奔驰。仰望着拔地而起高高在上的铁路桥，那是通往青藏高原的“天路”，这个时候就一起大声歌唱吧，尽情感受西北的广袤和苍茫。  \n  \n傍晚抵达【茶卡盐湖】，盐湖如雪堆积般的白色，湖水如镜，吸饱了盐，倒映出湛蓝的天巍峨的山，像极了玻利维亚的天空之境。踩着又像沙滩又像雪堆的盐滩，漫步到湖中心张开双臂拥抱倒影，挥舞丝巾肆意拍照，白色世界里留下耀眼的色彩绚烂。  \n  \n跑遍茶卡，终于在村长家找到了满意住宿。今年新建三层楼远离灯光污染，顶层天台专门拍星空。夜幕降临，整个【银河】在天空中静静旋转，一抬头就清晰可见，“银河！真的是一条河！”“流星！快看流星！”支起三脚架对准夜空，听老青海人讲述茶卡历史，今夜注定难眠。",
            "star":"亮点：茶卡盐湖 银河流星",
            "food":"含餐：敦煌早餐 茶卡晚餐",
            "distance": "距离：700公里 约8小时",
            "hotel": "住宿：茶卡村长家 标准间"
            
        },{
            "title": "Day8 茶卡-青海湖-兰州",
            "imgs":["/p01/p01_214.jpg","/p01/p01_215.jpg"],
            "descriptions":["EEEEEEEEEEEE"],
            "spots": ["盐湖日出","青海湖"],
            "mdtext": " 茶卡不止有银河星空，还有日出等着你，金色的太阳，光芒万丈，从山的那边缓缓爬出来，云彩和湖面被照耀成一片金黄色，真是美不胜收！  \n  \n翻过一座座山【青海湖】赫然出现。一眼望去一定以为自己到了海边，水天一色，遥遥无尽头，烟波浩淼、碧波连天。聆听3000米浪花拍打着沙滩。近处笔直的油柏路，金灿灿的油菜花，远处是蓝色飘带般的青海湖，更远的是连绵的山，山背后是青藏高原团团白云湛蓝青天。  \n  \n傍晚我们回到【兰州】，最后大干一场，来一顿只属于西部的豪情晚宴！与小伙伴们依依不舍挥别吧，这场难忘旅行也就在这里结束啦~  \n（约晚6点到达，当晚出发小伙伴要定8点以后火车/飞机，以免堵车延误）",
            "star":"亮点：日出 青海湖",
            "food":"含餐：茶卡早餐",
            "distance": "距离：400公里 约5小时",
            "hotel": "住宿：格林豪泰（兰州火车站店）标准间"
            
        },{
            "title": "Day9 （解散日）兰州",
            "imgs":["/p01/p01_216.jpg"],
            "spots": ["兰州拉面","再见大西北"],
            "descriptions":["EEEEEEEEEEEE"],
            "mdtext": "今天是解散日，这一天没有活动安排，大家洒泪说再见，根据自身情况选择合适时间的航班或火车回到温暖的家。 \n  \nPS：走之前别忘了【兰州拉面】。  \n正宗的牛肉面馆都是早上经营，下午两点就关门了，牛肉面在兰州是早餐、午餐的代言词。街边上随便一个小馆儿，味道都是独一无二的。一旦出了兰州，哪怕挂着“正宗”招牌，哪怕同样的回民经营，味道也是完全不同的，最正宗的牛肉面必须要在兰州吃！"
        }],
        "notice": {
            "local": "【气候】  \n西北跨度广温差大，气候干燥阳光强烈。早晚最低15度，正午最高35度。要多喝水，注意防晒。  \n  \n【住宿】  \n同价位旅行中住宿是最好的，没有之一。所有住宿都经过严格实地考察，并且90%以上好评。深入当地，住进祁连山脚回民家，住进茶卡村长家，融入真正生活。  \n  \n【海拔】  \n3000米左右，夏季植被丰富，只有少部分人会轻度反应。我们会留出足够时间让你慢慢适应。  \n  \n【民族】  \n回族、藏族聚居，尊重他们宗教信仰和生活习惯。近距离拍摄人像一定要征得对方同意。  \n  \n【饮食】  \n西北肉食面食居多，小吃瓜果丰盛，但蔬菜较少。初上高原注意饮食，防止腹泻，及时补充维生素。",
            "prepare": "【衣服】  \n上衣：冲锋衣/薄外套+长袖+短袖  \n下衣：长裤/裙子+短裤+运动鞋  \n换洗：内衣若干+袜子若干  \n防晒：头巾+帽子+墨镜+防晒霜   \n  \n注意：光照强温差大，昼夜温差约15度。  \n  \n【装备】  \n必带：身份证+手机+钥匙+钱包   \n相机：带上三脚架可劲拍星空  \n行李：背包、行李箱皆可  \n  \n【药品】  \n自备应急药品，如维生素、感冒药、止泻药、晕车药。  \n  \n【美女专属】  \n带鲜艳的衣服、丝巾，茶卡盐湖青海湖都是绝佳拍照地，有了色彩点缀最能拍的美美哒~",
            "traffic": "【火车】  \n北京-兰州每天7趟车次，单程硬卧400左右，软卧600左右，抢不到火车票可以联系客服帮忙。  \n  \n【飞机】  \n北京-兰州单程机票1000左右，中川机场-兰州站直达城际，12306购票末班22：30。机场大巴下车点距入住酒店1.5km。  \n  \n【集合日/解散日酒店】  \n格林豪泰火车站东路店。火车站向东200米路北。"
        },
        "expense": {
            "include": "【交通】  \n全程正规空调包车费用，油费高速费司机食宿补贴。  \n  \n【住宿】  \n全程住宿费用 （8晚），详情参见行程安排。  \n  \n【门票】  \n旅行中的所有门票。（卓尔山/含景区车+七彩丹霞/含景区车+嘉峪关关城+悬臂长城+莫高窟+鸣沙山+茶卡盐湖）  \n  \n【用餐】  \n全程早餐，起床就有吃的；正餐参见行程  \n  \n【领队】  \n领队交通，工资，食宿补贴。他们文艺逗逼靠谱专业，帮你解决一切旅途操心事儿。  \n  \n【保险】  \n10万旅游意外险  \n  \n【物资】  \n对讲机，公共物资，急救包，氧气瓶。",
            "exclude": "【往返大交通】  \n各地往返兰州的大交通费用。  \n  \n【部分用餐】  \n未包含的正餐，每天约40-80元左右，含餐参见行程安排。",
            "cancel": "【退订活动】  \n 1.出发前 **21天及以上** 退订活动，活动费用的 **5%** 将无法退还。  \n 2.出发前 **20天至7天** 退订活动，活动费用的 **20%** 将无法退还。  \n 3.出发前 **6天至1天** 退订活动，活动费用的 **50%** 将无法退还。  \n 4.出发日 **当天** 退订活动，活动费用的 **80%** 将无法退还。  \n  \n【退款流程】  \n订单中点击退款。系统会时间自动计算出退款费用，确认无误后，3-15个工作日原路返还至您当时支付的账户。  \n  \n【放心报名】  \n如因海逍遥原因导致行程取消，将与您协商调整日期或更换路线。  \n如无法调整则全额退款，并承担相应机票、火车票退改签损失。同时补偿不低于300元优惠码，可在任意路线抵减团费。  \n（仅对支付成功用户哦，请先报名再买票）  \n  \n【无购物承诺】  \n购物和回扣神马的，海逍遥深恶痛绝，如发生任何性质推销、购物、回扣，团费全额退还外，领队携全体员裸奔致歉。"
        }
    }